{"WOL": {"tm_id": 3, "name": "Wolverhampton", "ratings": [1500.0, 1500.0, 1500.736306793522, 1500.7023986633528, 1484.5380618801755, 1469.311081614169, 1470.7175530914076, 1485.5301453600377, 1504.5945796499968, 1502.505234263376, 1500.720869383315, 1501.7009226722391, 1516.2468261857514, 1531.2964975541734, 1530.5800009152342, 1543.6837359576773, 1540.7661588369451, 1523.4263693178586, 1534.2128357553274, 1553.0541629573283, 1543.3522592917357, 1523.033147105187, 1520.6541225905194, 1535.9691225788945, 1528.1016073068613, 1527.0428430423324, 1528.9609061996764], "fixtures": ["LEI", "MUN", "BUR", "EVE", "CHE", "CRY", "WAT", "MCI", "SOU", "NEW", "ARS", "AVL", "BOU", "SHU", "WHU", "BHA", "TOT", "NOR", "MCI", "LIV", "WAT", "NEW", "SOU", "LIV", "MUN", "LEI"], "results": [0.5, 0.5, 0.5, 0, 0, 0.5, 1, 1, 0.5, 0.5, 0.5, 1, 1, 0.5, 1, 0.5, 0, 1, 1, 0, 0, 0.5, 1, 0, 0.5, 0.5], "elo_current": 1528.9609061996764, "calc_stats": {"mean": 0.5384615384615384}}, "BUR": {"tm_id": 6, "name": "Burnley", "ratings": [1500.0, 1516.0, 1500.0, 1500.0339081301693, 1486.1655241835165, 1485.9781266528673, 1502.0547312272345, 1500.0978442066487, 1514.5371491556396, 1499.2352428494758, 1485.356741699368, 1470.1621187926162, 1486.4740927870291, 1500.4979218888159, 1483.4780798322786, 1471.5204383781822, 1456.6809626875547, 1475.4590522979872, 1490.917219931342, 1473.5433334467505, 1460.0292893403084, 1442.2480731741553, 1429.9653384140086, 1452.6186994081818, 1471.8751779650352, 1472.6882031710452, 1489.9537686248264, 1502.4490525535646], "fixtures": ["SOU", "ARS", "WOL", "LIV", "BHA", "NOR", "AVL", "EVE", "LEI", "CHE", "SHU", "WHU", "WAT", "CRY", "MCI", "TOT", "NEW", "BOU", "EVE", "MUN", "AVL", "CHE", "LEI", "MUN", "ARS", "SOU", "BOU"], "results": [1, 0, 0.5, 0, 0.5, 1, 0.5, 1, 0, 0, 0, 1, 1, 0, 0, 0, 1, 1, 0, 0, 0, 0, 1, 1, 0.5, 1, 1], "elo_current": 1502.4490525535646, "calc_stats": {"mean": 0.48148148148148145}}, "CRY": {"tm_id": 7, "name": "Crystal Palace", "ratings": [1500.0, 1500.0, 1484.0, 1501.4358728782763, 1516.765310187687, 1499.931254220332, 1498.5247827430935, 1513.2857239221505, 1530.0247979587782, 1514.2005385363045, 1514.5783889878282, 1500.532076083236, 1487.693638501478, 1478.322268626693, 1495.3421106832302, 1509.964136467096, 1505.2831908139515, 1504.2368805344734, 1487.9886298229696, 1502.176227602429, 1500.434980638562, 1495.3795101469077, 1494.9485671629911, 1500.1571913121356, 1483.710525168955, 1468.9316450650056, 1454.82907475084, 1471.6079363492872], "fixtures": ["EVE", "SHU", "MUN", "AVL", "TOT", "WOL", "NOR", "WHU", "MCI", "ARS", "LEI", "CHE", "LIV", "BUR", "BOU", "WAT", "BHA", "NEW", "WHU", "SOU", "NOR", "ARS", "MCI", "SOU", "SHU", "EVE", "NEW"], "results": [0.5, 0, 1, 1, 0, 0.5, 1, 1, 0, 0.5, 0, 0, 0, 1, 1, 0.5, 0.5, 0, 1, 0.5, 0.5, 0.5, 0.5, 0, 0, 0, 1], "elo_current": 1471.6079363492872, "calc_stats": {"mean": 0.46296296296296297}}, "SHU": {"tm_id": 15, "name": "Sheffield United", "ratings": [1500.0, 1500.0, 1516.0, 1499.2298601853572, 1499.3315830536374, 1482.810252777667, 1499.4153086275053, 1487.3417761706667, 1484.728090636293, 1503.2959550855578, 1502.8600759212675, 1518.0546988280194, 1516.376151616723, 1515.727558139778, 1516.4440547787171, 1499.061299109123, 1510.9909845704008, 1524.328573470761, 1538.4604391956555, 1533.4494363339747, 1519.477719294014, 1511.3734534281145, 1524.1861428512543, 1522.455148094479, 1510.278470972168, 1525.0573510761174, 1536.533510473606, 1532.0921210072602], "fixtures": ["BOU", "CRY", "LEI", "CHE", "SOU", "EVE", "LIV", "WAT", "ARS", "WHU", "BUR", "TOT", "MUN", "WOL", "NEW", "NOR", "AVL", "BHA", "WAT", "MCI", "LIV", "WHU", "ARS", "MCI", "CRY", "BOU", "BHA"], "results": [0.5, 1, 0, 0.5, 0, 1, 0, 0.5, 1, 0.5, 1, 0.5, 0.5, 0.5, 0, 1, 1, 1, 0.5, 0, 0, 1, 0.5, 0, 1, 1, 0.5], "elo_current": 1532.0921210072602, "calc_stats": {"mean": 0.5555555555555556}}, "MCI": {"tm_id": 17, "name": "Manchester City", "ratings": [1500.0, 1516.0, 1516.0, 1531.9660918698307, 1546.336959882856, 1526.7936270935243, 1539.6551368844223, 1552.9055438781186, 1533.8411095881595, 1549.6653690106332, 1563.0994088543962, 1574.019668635333, 1560.4528648056196, 1577.4869008393064, 1573.199399844928, 1585.1570412990243, 1566.1077105858778, 1578.954223285947, 1596.5725972477212, 1577.7312700457203, 1591.7029870856811, 1603.3752573151132, 1612.3228379677535, 1607.114213818609, 1619.29089094092, 1598.2279614953866, 1606.7463858648412, 1620.9228608502558], "fixtures": ["WHU", "TOT", "BOU", "BHA", "NOR", "WAT", "EVE", "WOL", "CRY", "AVL", "SOU", "LIV", "CHE", "NEW", "BUR", "MUN", "ARS", "LEI", "WOL", "SHU", "EVE", "AVL", "CRY", "SHU", "TOT", "WHU", "LEI"], "results": [1, 0.5, 1, 1, 0, 1, 1, 0, 1, 1, 1, 0, 1, 0.5, 1, 0, 1, 1, 0, 1, 1, 1, 0.5, 1, 0, 1, 1], "elo_current": 1620.9228608502558, "calc_stats": {"mean": 0.7222222222222222}}, "WAT": {"tm_id": 24, "name": "Watford", "ratings": [1500.0, 1484.0, 1468.736306793522, 1453.5063036245745, 1455.0073170873977, 1457.7473384389632, 1444.8858286480652, 1430.073236379435, 1432.6869219138086, 1435.6011784897262, 1438.5179290100405, 1427.8727192690612, 1443.3418617664179, 1429.3180326646311, 1413.1911687559855, 1405.2600371805834, 1409.940982833728, 1404.1692791825642, 1425.864950546553, 1430.8759534082337, 1447.180709168118, 1467.4998213546667, 1481.2196270746101, 1481.8227112145962, 1463.5130523638206, 1448.9961919065584, 1448.4410431470549], "fixtures": ["BHA", "EVE", "WHU", "NEW", "ARS", "MCI", "WOL", "SHU", "TOT", "BOU", "CHE", "NOR", "BUR", "SOU", "LEI", "CRY", "LIV", "MUN", "SHU", "AVL", "WOL", "BOU", "TOT", "AVL", "EVE", "BHA"], "results": [0, 0, 0, 0.5, 0.5, 0, 0, 0.5, 0.5, 0.5, 0, 1, 0, 0, 0, 0.5, 0, 1, 0.5, 1, 1, 1, 0.5, 0, 0, 0.5], "elo_current": 1448.4410431470549, "calc_stats": {"mean": 0.36538461538461536}}, "BHA": {"tm_id": 30, "name": "Brighton & Hove Albion", "ratings": [1500.0, 1516.0, 1514.5304984710244, 1496.466920433496, 1482.0960524204706, 1482.2834499511198, 1481.8160273770654, 1466.7968837773458, 1484.9973317740662, 1468.6335849848872, 1484.7167094113586, 1498.2101023732116, 1481.6346513460305, 1470.2576746930386, 1461.8753621154062, 1479.6128040134688, 1482.530381134201, 1483.576691413679, 1469.4448256887847, 1455.4102799001555, 1471.152685659232, 1473.703502248657, 1458.1617661470148, 1456.8687686334292, 1437.6893676630907, 1436.936448762274, 1437.4915975217775, 1441.9329869881233], "fixtures": ["WAT", "WHU", "SOU", "MCI", "BUR", "NEW", "CHE", "TOT", "AVL", "EVE", "NOR", "MUN", "LEI", "LIV", "ARS", "WOL", "CRY", "SHU", "TOT", "BOU", "CHE", "EVE", "AVL", "BOU", "WHU", "WAT", "SHU"], "results": [1, 0.5, 0, 0, 0.5, 0.5, 0, 1, 0, 1, 1, 0, 0, 0, 1, 0.5, 0.5, 0, 0, 1, 0.5, 0, 0.5, 0, 0.5, 0.5, 0.5], "elo_current": 1441.9329869881233, "calc_stats": {"mean": 0.4074074074074074}}, "LEI": {"tm_id": 31, "name": "Leicester City", "ratings": [1500.0, 1500.0, 1499.263693206478, 1516.0338330211207, 1531.2636966573637, 1513.7070310747838, 1529.7882935765272, 1543.1781167902755, 1529.7056912072544, 1545.0075975134182, 1557.2149142015064, 1571.2612271060987, 1584.9648379758232, 1596.3418146288152, 1606.0393759701687, 1613.9705075455709, 1623.388658469392, 1614.2173561755897, 1596.5989822138154, 1584.6116140282675, 1594.0903846409688, 1605.1002593729102, 1583.756208999887, 1561.102848005714, 1571.4017594043646, 1568.894311391331, 1566.976248233987, 1552.7997732485724], "fixtures": ["WOL", "CHE", "SHU", "BOU", "MUN", "TOT", "NEW", "LIV", "BUR", "SOU", "CRY", "ARS", "BHA", "EVE", "WAT", "AVL", "NOR", "MCI", "LIV", "WHU", "NEW", "SOU", "BUR", "WHU", "CHE", "WOL", "MCI"], "results": [0.5, 0.5, 1, 1, 0, 1, 1, 0, 1, 1, 1, 1, 1, 1, 1, 1, 0.5, 0, 0, 1, 1, 0, 0, 1, 0.5, 0.5, 0], "elo_current": 1552.7997732485724, "calc_stats": {"mean": 0.6481481481481481}}, "TOT": {"tm_id": 33, "name": "Tottenham",